"code_id","code_header_id","code_name","code_description","code_sort_order","valid_from","valid_to","created_at","updated_at","created_by_user_id","updated_by_user_id","code_description_long","custom_1"
1038,139,WeGS,Wells Gray South,,2021-08-26 09:02:11,,2021-08-26 09:02:11,2021-08-26 09:02:11,,,,"{""popunit_id"": 12}"
1039,139,Bark,Barkerville,,2021-08-26 09:02:11,,2021-08-26 09:02:11,2021-08-26 09:02:11,,,,"{""popunit_id"": 13}"
1040,139,NoCa,North Cariboo,,2021-08-26 09:02:11,,2021-08-26 09:02:11,2021-08-26 09:02:11,,,,"{""popunit_id"": 14}"
1041,139,NaLa,Narrow Lake,,2021-08-26 09:02:11,,2021-08-26 09:02:11,2021-08-26 09:02:11,,,,"{""popunit_id"": 15}"
1042,139,GeMo,George Mtn,,2021-08-26 09:02:11,,2021-08-26 09:02:11,2021-08-26 09:02:11,,,,"{""popunit_id"": 16}"
1043,139,HaRa,Hart Ranges,,2021-08-26 09:02:11,,2021-08-26 09:02:11,2021-08-26 09:02:11,,,,"{""popunit_id"": 17}"
1044,139,Narr,Narraway,,2021-08-26 09:02:11,,2021-08-26 09:02:11,2021-08-26 09:02:11,,,,"{""popunit_id"": 18}"
1045,139,Quin,Quintette,,2021-08-26 09:02:11,,2021-08-26 09:02:11,2021-08-26 09:02:11,,,,"{""popunit_id"": 19}"
1046,139,KeSi,Kennedy Siding,,2021-08-26 09:02:11,,2021-08-26 09:02:11,2021-08-26 09:02:11,,,,"{""popunit_id"": 20}"
477,139,CAR-17,Hart Ranges,,2021-03-02 00:00:00,2021-08-26 09:01:26,2021-03-02 16:34:49,2021-03-02 16:34:49,1,,,
478,139,CAR-46,Horseranch,,2021-03-02 00:00:00,2021-08-26 09:01:26,2021-03-02 16:34:49,2021-03-02 16:34:49,1,,,
480,139,CAR-20,Kennedy Siding,,2021-03-02 00:00:00,2021-08-26 09:01:26,2021-03-02 16:34:49,2021-03-02 16:34:49,1,,,
481,139,CAR-49,Level-Kawdy,,2021-03-02 00:00:00,2021-08-26 09:01:26,2021-03-02 16:34:49,2021-03-02 16:34:49,1,,,
482,139,CAR-45,Liard Plateau,,2021-03-02 00:00:00,2021-08-26 09:01:26,2021-03-02 16:34:49,2021-03-02 16:34:49,1,,,
340,2,CARI,Caribou,,2020-10-27 00:00:00,2021-03-19 16:01:44,2020-10-29 14:01:45,2020-10-29 14:01:45,1,,,
1047,139,BuPi,Burnt Pine,,2021-08-26 09:02:11,,2021-08-26 09:02:11,2021-08-26 09:02:11,,,,"{""popunit_id"": 21}"
1048,139,Mobe,Moberly,,2021-08-26 09:02:11,,2021-08-26 09:02:11,2021-08-26 09:02:11,,,,"{""popunit_id"": 22}"
1049,139,Scot,Scott,,2021-08-26 09:02:11,,2021-08-26 09:02:11,2021-08-26 09:02:11,,,,"{""popunit_id"": 23}"
1050,139,Grah,Graham,,2021-08-26 09:02:11,,2021-08-26 09:02:11,2021-08-26 09:02:11,,,,"{""popunit_id"": 24}"
1051,139,Chin,Chinchaga,,2021-08-26 09:02:11,,2021-08-26 09:02:11,2021-08-26 09:02:11,,,,"{""popunit_id"": 25}"
1052,139,SnSa,Snake-Sahtaneh,,2021-08-26 09:02:11,,2021-08-26 09:02:11,2021-08-26 09:02:11,,,,"{""popunit_id"": 26}"
1053,139,WSFN,Westside Fort Nelson,,2021-08-26 09:02:11,,2021-08-26 09:02:11,2021-08-26 09:02:11,,,,"{""popunit_id"": 27}"
1054,139,Maxh,Maxhamish,,2021-08-26 09:02:11,,2021-08-26 09:02:11,2021-08-26 09:02:11,,,,"{""popunit_id"": 28}"
1055,139,Cale,Calendar,,2021-08-26 09:02:11,,2021-08-26 09:02:11,2021-08-26 09:02:11,,,,"{""popunit_id"": 29}"
1056,139,ItIl,Itcha-Ilgachuz,,2021-08-26 09:02:11,,2021-08-26 09:02:11,2021-08-26 09:02:11,,,,"{""popunit_id"": 30}"
1057,139,ChAl,Charlotte Alplands,,2021-08-26 09:02:11,,2021-08-26 09:02:11,2021-08-26 09:02:11,,,,"{""popunit_id"": 31}"
1058,139,Rain,Rainbows,,2021-08-26 09:02:11,,2021-08-26 09:02:11,2021-08-26 09:02:11,,,,"{""popunit_id"": 32}"
1059,139,Twee,Tweedsmuir,,2021-08-26 09:02:11,,2021-08-26 09:02:11,2021-08-26 09:02:11,,,,"{""popunit_id"": 33}"
1060,139,Telk,Telkwa,,2021-08-26 09:02:11,,2021-08-26 09:02:11,2021-08-26 09:02:11,,,,"{""popunit_id"": 34}"
1061,139,Takl,Takla,,2021-08-26 09:02:11,,2021-08-26 09:02:11,2021-08-26 09:02:11,,,,"{""popunit_id"": 35}"
1062,139,Wolv,Wolverine,,2021-08-26 09:02:11,,2021-08-26 09:02:11,2021-08-26 09:02:11,,,,"{""popunit_id"": 36}"
1063,139,Chas,Chase,,2021-08-26 09:02:11,,2021-08-26 09:02:11,2021-08-26 09:02:11,,,,"{""popunit_id"": 37}"
1064,139,Thut,Thutade,,2021-08-26 09:02:11,,2021-08-26 09:02:11,2021-08-26 09:02:11,,,,"{""popunit_id"": 38}"
420,177,N,No,,2020-10-29 00:00:00,,2021-03-02 09:01:46,2021-03-02 09:01:46,1,,Presence of juvenile not detected,
421,177,Y,Yes,,2020-10-29 00:00:00,,2021-03-02 09:01:46,2021-03-02 09:01:46,1,,Presence of juvenile detected,
483,139,CAR-47,Little Rancheria,,2021-03-02 00:00:00,2021-08-26 09:01:26,2021-03-02 16:34:49,2021-03-02 16:34:49,1,,,
484,139,CAR-28,Maxhamish,,2021-03-02 00:00:00,2021-08-26 09:01:26,2021-03-02 16:34:49,2021-03-02 16:34:49,1,,,
485,139,CAR-22,Moberly,,2021-03-02 00:00:00,2021-08-26 09:01:26,2021-03-02 16:34:49,2021-03-02 16:34:49,1,,,
423,177,U,Unknown,,2020-10-29 00:00:00,,2021-03-02 09:01:46,2021-03-02 09:01:46,1,,Presence of juvenile is unknown,
486,139,CAR-5,Monashee,,2021-03-02 00:00:00,2021-08-26 09:01:26,2021-03-02 16:34:49,2021-03-02 16:34:49,1,,,
487,139,CAR-41,Muskwa,,2021-03-02 00:00:00,2021-08-26 09:01:26,2021-03-02 16:34:49,2021-03-02 16:34:49,1,,,
488,139,CAR-18,Narraway,,2021-03-02 00:00:00,2021-08-26 09:01:26,2021-03-02 16:34:49,2021-03-02 16:34:49,1,,,
489,139,CAR-15,Narrow Lake,,2021-03-02 00:00:00,2021-08-26 09:01:26,2021-03-02 16:34:49,2021-03-02 16:34:49,1,,,
490,139,CAR-14,North Cariboo,,2021-03-02 00:00:00,2021-08-26 09:01:26,2021-03-02 16:34:49,2021-03-02 16:34:49,1,,,
491,139,CAR-40,Pink Mountain,,2021-03-02 00:00:00,2021-08-26 09:01:26,2021-03-02 16:34:49,2021-03-02 16:34:49,1,,,
2,1,"4",Kootenay,,2020-10-22 14:22:54,,2020-10-22 14:22:54,2020-10-22 14:22:54,1,,Region,
448,180,C,Global Positioning System-Very High Frequency,,2021-03-02 00:00:00,2021-08-25 11:06:57,2021-03-02 09:57:10,2021-03-02 09:57:10,1,,Both GPS and VHF signal have  malfunctioned,
450,180,U,Unknown,,2021-03-02 00:00:00,2021-08-25 11:06:57,2021-03-02 09:57:10,2021-03-02 09:57:10,1,,Unknown how device malfunctioned,
380,145,GLOBALSTAR,Globalstar,,2020-10-27 00:00:00,,2020-11-10 10:32:05,2020-11-10 10:32:05,1,,,
434,178,DEPLOYED,Deployed,,2021-03-02 00:00:00,,2021-03-02 09:30:46,2021-03-02 09:30:46,1,,Device is deployed on an animal.,
457,139,CAR-50,Atlin,,2021-03-02 00:00:00,2021-08-26 09:01:26,2021-03-02 16:34:49,2021-03-02 16:34:49,1,,,
458,139,CAR-13,Barkerville,,2021-03-02 00:00:00,2021-08-26 09:01:26,2021-03-02 16:34:49,2021-03-02 16:34:49,1,,,
459,139,CAR-21,Burnt Pine,,2021-03-02 00:00:00,2021-08-26 09:01:26,2021-03-02 16:34:49,2021-03-02 16:34:49,1,,,
460,139,CAR-29,Calendar,,2021-03-02 00:00:00,2021-08-26 09:01:26,2021-03-02 16:34:49,2021-03-02 16:34:49,1,,,
461,139,CAR-51,Carcross,,2021-03-02 00:00:00,2021-08-26 09:01:26,2021-03-02 16:34:49,2021-03-02 16:34:49,1,,,
462,139,CAR-6,Central Rockies,,2021-03-02 00:00:00,2021-08-26 09:01:26,2021-03-02 16:34:49,2021-03-02 16:34:49,1,,,
463,139,CAR-4,Central Selkirks,,2021-03-02 00:00:00,2021-08-26 09:01:26,2021-03-02 16:34:49,2021-03-02 16:34:49,1,,,
464,139,CAR-31,Charlotte Alplands,,2021-03-02 00:00:00,2021-08-26 09:01:26,2021-03-02 16:34:49,2021-03-02 16:34:49,1,,,
465,139,CAR-37,Chase,,2021-03-02 00:00:00,2021-08-26 09:01:26,2021-03-02 16:34:49,2021-03-02 16:34:49,1,,,
466,139,CAR-25,Chinchaga,,2021-03-02 00:00:00,2021-08-26 09:01:26,2021-03-02 16:34:49,2021-03-02 16:34:49,1,,,
467,139,CAR-9,Columbia North,,2021-03-02 00:00:00,2021-08-26 09:01:26,2021-03-02 16:34:49,2021-03-02 16:34:49,1,,,
468,139,CAR-7,Columbia South,,2021-03-02 00:00:00,2021-08-26 09:01:26,2021-03-02 16:34:49,2021-03-02 16:34:49,1,,,
469,139,CAR-53,Edziza,,2021-03-02 00:00:00,2021-08-26 09:01:26,2021-03-02 16:34:49,2021-03-02 16:34:49,1,,,
470,139,CAR-39,Finlay,,2021-03-02 00:00:00,2021-08-26 09:01:26,2021-03-02 16:34:49,2021-03-02 16:34:49,1,,,
471,139,CAR-8,Frisby-Boulder,,2021-03-02 00:00:00,2021-08-26 09:01:26,2021-03-02 16:34:49,2021-03-02 16:34:49,1,,,
472,139,CAR-43,Frog,,2021-03-02 00:00:00,2021-08-26 09:01:26,2021-03-02 16:34:49,2021-03-02 16:34:49,1,,,
473,139,CAR-42,Gataga,,2021-03-02 00:00:00,2021-08-26 09:01:26,2021-03-02 16:34:49,2021-03-02 16:34:49,1,,,
474,139,CAR-16,George Mtn,,2021-03-02 00:00:00,2021-08-26 09:01:26,2021-03-02 16:34:49,2021-03-02 16:34:49,1,,,
479,139,CAR-30,Itcha-Ilgachuz,,2021-03-02 00:00:00,2021-08-26 09:01:26,2021-03-02 16:34:49,2021-03-02 16:34:49,1,,,
1065,139,Finl,Finlay,,2021-08-26 09:02:11,,2021-08-26 09:02:11,2021-08-26 09:02:11,,,,"{""popunit_id"": 39}"
1066,139,PiMo,Pink Mountain,,2021-08-26 09:02:11,,2021-08-26 09:02:11,2021-08-26 09:02:11,,,,"{""popunit_id"": 40}"
1067,139,Musk,Muskwa,,2021-08-26 09:02:11,,2021-08-26 09:02:11,2021-08-26 09:02:11,,,,"{""popunit_id"": 41}"
1068,139,Gata,Gataga,,2021-08-26 09:02:11,,2021-08-26 09:02:11,2021-08-26 09:02:11,,,,"{""popunit_id"": 42}"
1069,139,Frog,Frog,,2021-08-26 09:02:11,,2021-08-26 09:02:11,2021-08-26 09:02:11,,,,"{""popunit_id"": 43}"
1070,139,Rabb,Rabbit,,2021-08-26 09:02:11,,2021-08-26 09:02:11,2021-08-26 09:02:11,,,,"{""popunit_id"": 44}"
1071,139,LiPl,Liard Plateau,,2021-08-26 09:02:11,,2021-08-26 09:02:11,2021-08-26 09:02:11,,,,"{""popunit_id"": 45}"
475,139,CAR-24,Graham,,2021-03-02 00:00:00,2021-08-26 09:01:26,2021-03-02 16:34:49,2021-03-02 16:34:49,1,,,
1072,139,Hors,Horseranch,,2021-08-26 09:02:11,,2021-08-26 09:02:11,2021-08-26 09:02:11,,,,"{""popunit_id"": 46}"
1073,139,LiRa,Little Rancheria,,2021-08-26 09:02:11,,2021-08-26 09:02:11,2021-08-26 09:02:11,,,,"{""popunit_id"": 47}"
1074,139,SwLa,Swan Lake,,2021-08-26 09:02:11,,2021-08-26 09:02:11,2021-08-26 09:02:11,,,,"{""popunit_id"": 48}"
476,139,CAR-10,Groundhog,,2021-03-02 00:00:00,2021-08-26 09:01:26,2021-03-02 16:34:49,2021-03-02 16:34:49,1,,,
1075,139,LeKa,Level-Kawdy,,2021-08-26 09:02:11,,2021-08-26 09:02:11,2021-08-26 09:02:11,,,,"{""popunit_id"": 49}"
1076,139,Atli,Atlin,,2021-08-26 09:02:11,,2021-08-26 09:02:11,2021-08-26 09:02:11,,,,"{""popunit_id"": 50}"
1077,139,Carc,Carcross,,2021-08-26 09:02:11,,2021-08-26 09:02:11,2021-08-26 09:02:11,,,,"{""popunit_id"": 51}"
1078,139,Tsen,Tsenaglode,,2021-08-26 09:02:11,,2021-08-26 09:02:11,2021-08-26 09:02:11,,,,"{""popunit_id"": 52}"
1079,139,Edzi,Edziza,,2021-08-26 09:02:11,,2021-08-26 09:02:11,2021-08-26 09:02:11,,,,"{""popunit_id"": 53}"
1080,139,Spat,Spatsizi,,2021-08-26 09:02:11,,2021-08-26 09:02:11,2021-08-26 09:02:11,,,,"{""popunit_id"": 54}"
492,139,CAR-3,Purcell Central,,2021-03-02 00:00:00,2021-08-26 09:01:26,2021-03-02 16:34:49,2021-03-02 16:34:49,1,,,
493,139,CAR-2,Purcells South,,2021-03-02 00:00:00,2021-08-26 09:01:26,2021-03-02 16:34:49,2021-03-02 16:34:49,1,,,
494,139,CAR-19,Quintette,,2021-03-02 00:00:00,2021-08-26 09:01:26,2021-03-02 16:34:49,2021-03-02 16:34:49,1,,,
495,139,CAR-44,Rabbit,,2021-03-02 00:00:00,2021-08-26 09:01:26,2021-03-02 16:34:49,2021-03-02 16:34:49,1,,,
496,139,CAR-32,Rainbows,,2021-03-02 00:00:00,2021-08-26 09:01:26,2021-03-02 16:34:49,2021-03-02 16:34:49,1,,,
497,139,CAR-55,Scott,,2021-03-02 00:00:00,2021-08-26 09:01:26,2021-03-02 16:34:49,2021-03-02 16:34:49,1,,,
498,139,CAR-23,Redrock-Prairie Creek,,2021-03-02 00:00:00,2021-08-26 09:01:26,2021-03-02 16:34:49,2021-03-02 16:34:49,1,,,
499,139,CAR-26,Snake-Sahtaneh,,2021-03-02 00:00:00,2021-08-26 09:01:26,2021-03-02 16:34:49,2021-03-02 16:34:49,1,,,
500,139,CAR-1,South Selkirks,,2021-03-02 00:00:00,2021-08-26 09:01:26,2021-03-02 16:34:49,2021-03-02 16:34:49,1,,,
904,183,#4CE600,Quetzel Green,,2021-05-31 16:55:26,,2021-05-31 16:55:26,2021-05-31 16:55:26,1,,#686868,
905,183,#00E6A9,Chrysophase,,2021-05-31 16:55:26,,2021-05-31 16:55:26,2021-05-31 16:55:26,1,,#686868,
906,183,#005CE6,Lapis Lazuli,,2021-05-31 16:55:26,,2021-05-31 16:55:26,2021-05-31 16:55:26,1,,#686868,
923,183,#267300,Fir Green,,2021-05-31 16:55:26,,2021-05-31 16:55:26,2021-05-31 16:55:26,1,,#b2b2b2,
924,183,#00734C,Peacock Green,,2021-05-31 16:55:26,,2021-05-31 16:55:26,2021-05-31 16:55:26,1,,#b2b2b2,
925,183,#004C73,Steel Blue,,2021-05-31 16:55:26,,2021-05-31 16:55:26,2021-05-31 16:55:26,1,,#b2b2b2,
926,183,#002673,Dark Navy,,2021-05-31 16:55:26,,2021-05-31 16:55:26,2021-05-31 16:55:26,1,,#b2b2b2,
927,183,#4C0073,Ultramarine,,2021-05-31 16:55:26,,2021-05-31 16:55:26,2021-05-31 16:55:26,1,,#b2b2b2,
928,183,#73004C,Purple Heart,,2021-05-31 16:55:26,,2021-05-31 16:55:26,2021-05-31 16:55:26,1,,#b2b2b2,
453,1,"1",Vancouver Island,,2021-03-02 00:00:00,,2021-03-02 10:20:08,2021-03-02 10:20:08,1,,Region,
515,1,"5",Cariboo,,2021-03-02 00:00:00,,2021-03-04 09:55:54,2021-03-04 09:55:54,1,,Region,
446,180,V,Very High Frequency,,2021-03-02 00:00:00,2021-08-25 11:06:57,2021-03-02 09:57:10,2021-03-02 09:57:10,1,,VHF signal of device has malfunctioned,
449,180,B,Battery,,2021-03-02 00:00:00,2021-08-25 11:06:57,2021-03-02 09:57:10,2021-03-02 09:57:10,1,,Premature battery failure,
437,147,SAT_GPS,SAT/GPS,,2020-10-29 00:00:00,,2021-03-02 09:43:24,2021-03-02 09:43:24,1,,"SAT/GPS tracking devices use GPS to record a device's exact location at pre-set intervals, data is logged and downloaded remotely uising global satellites to transmit data to a user's access portal (e.g., server/application/desktop). Logged data can also be downloaded when device is retrieved",
438,147,VHF,VHF,,2020-10-29 00:00:00,,2021-03-02 09:43:24,2021-03-02 09:43:24,1,,VHF is a very high frequency tracking device that emits a pulsed radio signal,
379,145,IRIDIUM,Iridium,,2020-10-27 00:00:00,,2020-11-10 10:32:05,2020-11-10 10:32:05,1,,,
958,197,WILD,wild,,2021-08-25 11:45:07,,2021-08-25 11:45:07,2021-08-25 11:45:07,,,The animal mortality occurred in the wild.,
959,197,MAT_PEN,maternity pen,,2021-08-25 11:45:07,,2021-08-25 11:45:07,2021-08-25 11:45:07,,,"The animal mortality occurred in captivity, in a maternity pen (i.e., not in the wild)",
960,197,CONS_BREED,conservation breeding centre,,2021-08-25 11:45:07,,2021-08-25 11:45:07,2021-08-25 11:45:07,,,"The animal mortality occurred in captivity, in a conservation breeding centre (i.e., not in the wild)",
961,184,TEAL,teal,,2021-08-25 11:51:27,,2021-08-25 11:51:27,2021-08-25 11:51:27,,,,
278,4,LOTEK,Lotek,,2020-10-27 00:00:00,,2020-10-28 17:16:03,2020-10-28 17:16:03,1,,Lotek Wireless,
276,4,ATS,ATS,,2020-10-27 00:00:00,,2020-10-28 17:16:03,2020-10-28 17:16:03,1,,Advanced Telemetry Systems ,
281,4,VECTRONIC,Vectronic,,2020-10-27 00:00:00,,2020-10-28 17:16:03,2020-10-28 17:16:03,1,,Vectronic Aerospace,
424,4,FOLLOWIT,Followit,,2020-10-29 00:00:00,,2021-03-02 09:17:50,2021-03-02 09:17:50,1,,Followit Sweden AB (formerly called Televilt),
425,4,TELEVIT,Televilt,,2020-10-29 00:00:00,,2021-03-02 09:17:50,2021-03-02 09:17:50,1,,Televilt/TVP Positioning AB,
432,144,PX,Potential Mortality,,2020-10-29 00:00:00,2021-05-04 00:00:00,2021-03-02 09:27:12,2021-03-02 09:27:12,1,,,
426,4,TELEONICS,Telonics,,2020-10-29 00:00:00,,2021-03-02 09:17:50,2021-03-02 09:17:50,1,,Telonics Inc.,
439,179,ADULT,Adult,,2021-03-02 00:00:00,,2021-03-02 09:52:05,2021-03-02 09:52:05,1,,Old enough to breed,
444,179,YOUNG_OF_YEAR,Young of Year,,2021-03-02 00:00:00,,2021-03-02 09:52:05,2021-03-02 09:52:05,1,,Animal is less than one year old and has not yet lived through a winter season.,
501,139,CAR-54,Spatsizi,,2021-03-02 00:00:00,2021-08-26 09:01:26,2021-03-02 16:34:49,2021-03-02 16:34:49,1,,,
502,139,CAR-48,Swan Lake,,2021-03-02 00:00:00,2021-08-26 09:01:26,2021-03-02 16:34:49,2021-03-02 16:34:49,1,,,
503,139,CAR-35,Takla,,2021-03-02 00:00:00,2021-08-26 09:01:26,2021-03-02 16:34:49,2021-03-02 16:34:49,1,,,
504,139,CAR-34,Telkwa,,2021-03-02 00:00:00,2021-08-26 09:01:26,2021-03-02 16:34:49,2021-03-02 16:34:49,1,,,
505,139,CAR-38,Thutade,,2021-03-02 00:00:00,2021-08-26 09:01:26,2021-03-02 16:34:49,2021-03-02 16:34:49,1,,,
506,139,CAR-52,Tsenaglode,,2021-03-02 00:00:00,2021-08-26 09:01:26,2021-03-02 16:34:49,2021-03-02 16:34:49,1,,,
507,139,CAR-33,Tweedsmuir,,2021-03-02 00:00:00,2021-08-26 09:01:26,2021-03-02 16:34:49,2021-03-02 16:34:49,1,,,
508,139,CAR-11,Wells Gray North,,2021-03-02 00:00:00,2021-08-26 09:01:26,2021-03-02 16:34:49,2021-03-02 16:34:49,1,,,
509,139,CAR-12,Wells Gray South,,2021-03-02 00:00:00,2021-08-26 09:01:26,2021-03-02 16:34:49,2021-03-02 16:34:49,1,,,
1081,139,RRPC,Redrock-Prairie Creek,,2021-08-26 09:02:11,,2021-08-26 09:02:11,2021-08-26 09:02:11,,,,"{""popunit_id"": 55}"
955,195,SIBLING,sibling,,2021-08-25 11:34:32,2021-08-22 12:26:00,2021-08-25 11:34:32,2021-08-25 11:34:32,,,sibling,
431,144,PM,Potential Malfunction,,2020-10-29 00:00:00,2021-05-04 00:00:00,2021-03-02 09:27:12,2021-03-02 09:27:12,1,,,
875,183,#FFBEBE,Rose Quartz,,2021-05-31 16:55:26,,2021-05-31 16:55:26,2021-05-31 16:55:26,1,,#343434,
876,183,#FFEBBE,Sahara Sand,,2021-05-31 16:55:26,,2021-05-31 16:55:26,2021-05-31 16:55:26,1,,#343434,
877,183,#FFEBAF,Topaz Sand,,2021-05-31 16:55:26,,2021-05-31 16:55:26,2021-05-31 16:55:26,1,,#343434,
878,183,#FFFFBE,Yucca Yellow,,2021-05-31 16:55:26,,2021-05-31 16:55:26,2021-05-31 16:55:26,1,,#343434,
879,183,#E9FFBE,Olivine Yellow,,2021-05-31 16:55:26,,2021-05-31 16:55:26,2021-05-31 16:55:26,1,,#343434,
880,183,#D3FFBE,Tzavorite Green,,2021-05-31 16:55:26,,2021-05-31 16:55:26,2021-05-31 16:55:26,1,,#343434,
752,184,BLACK,black,,2021-05-04 08:12:13,,2021-05-04 08:12:13,2021-05-04 08:12:13,1,,,
753,184,BLUE,blue,,2021-05-04 08:12:13,,2021-05-04 08:12:13,2021-05-04 08:12:13,1,,,
754,184,GREEN,green,,2021-05-04 08:12:13,,2021-05-04 08:12:13,2021-05-04 08:12:13,1,,,
755,184,ORANGE,orange,,2021-05-04 08:12:13,,2021-05-04 08:12:13,2021-05-04 08:12:13,1,,,
756,184,PURPLE,purple,,2021-05-04 08:12:13,,2021-05-04 08:12:13,2021-05-04 08:12:13,1,,,
757,184,RED,red,,2021-05-04 08:12:13,,2021-05-04 08:12:13,2021-05-04 08:12:13,1,,,
758,184,WHITE,white,,2021-05-04 08:12:13,,2021-05-04 08:12:13,2021-05-04 08:12:13,1,,,
759,184,YELLOW,yellow,,2021-05-04 08:12:13,,2021-05-04 08:12:13,2021-05-04 08:12:13,1,,,
881,183,#BEFFE8,Indicolite Green,,2021-05-31 16:55:26,,2021-05-31 16:55:26,2021-05-31 16:55:26,1,,#343434,
882,183,#BEE8FF,Sodalite Blue,,2021-05-31 16:55:26,,2021-05-31 16:55:26,2021-05-31 16:55:26,1,,#343434,
883,183,#BED2FF,Sugilite Sky,,2021-05-31 16:55:26,,2021-05-31 16:55:26,2021-05-31 16:55:26,1,,#343434,
884,183,#E8BEFF,Lepidolite Lilac,,2021-05-31 16:55:26,,2021-05-31 16:55:26,2021-05-31 16:55:26,1,,#343434,
885,183,#FFBEE8,Rhodolite Rose,,2021-05-31 16:55:26,,2021-05-31 16:55:26,2021-05-31 16:55:26,1,,#343434,
886,183,#FF7F7F,Medium Coral Light,,2021-05-31 16:55:26,,2021-05-31 16:55:26,2021-05-31 16:55:26,1,,#343434,
887,183,#FFA77F,Cantaloupe,,2021-05-31 16:55:26,,2021-05-31 16:55:26,2021-05-31 16:55:26,1,,#343434,
888,183,#FFD37F,Mango,,2021-05-31 16:55:26,,2021-05-31 16:55:26,2021-05-31 16:55:26,1,,#343434,
889,183,#D1FF73,Lemongrass,,2021-05-31 16:55:26,,2021-05-31 16:55:26,2021-05-31 16:55:26,1,,#343434,
890,183,#A3FF73,Light Apple,,2021-05-31 16:55:26,,2021-05-31 16:55:26,2021-05-31 16:55:26,1,,#343434,
891,183,#73FFDF,Beryl Green,,2021-05-31 16:55:26,,2021-05-31 16:55:26,2021-05-31 16:55:26,1,,#343434,
892,183,#73DFFF,Apatite Blue,,2021-05-31 16:55:26,,2021-05-31 16:55:26,2021-05-31 16:55:26,1,,#343434,
893,183,#73B2FF,Yogo Blue,,2021-05-31 16:55:26,,2021-05-31 16:55:26,2021-05-31 16:55:26,1,,#343434,
894,183,#DF73FF,Heliotrope,,2021-05-31 16:55:26,,2021-05-31 16:55:26,2021-05-31 16:55:26,1,,#343434,
895,183,#FF73DF,Fushia Pink,,2021-05-31 16:55:26,,2021-05-31 16:55:26,2021-05-31 16:55:26,1,,#343434,
896,183,#AAFF00,Peridot Green,,2021-05-31 16:55:26,,2021-05-31 16:55:26,2021-05-31 16:55:26,1,,#686868,
897,183,#55FF00,Medium Apple,,2021-05-31 16:55:26,,2021-05-31 16:55:26,2021-05-31 16:55:26,1,,#686868,
898,183,#00FFC5,Tourmaline Green,,2021-05-31 16:55:26,,2021-05-31 16:55:26,2021-05-31 16:55:26,1,,#686868,
899,183,#00C5FF,Big Sky Blue,,2021-05-31 16:55:26,,2021-05-31 16:55:26,2021-05-31 16:55:26,1,,#686868,
900,183,#0082FF,Cretean Blue,,2021-05-31 16:55:26,,2021-05-31 16:55:26,2021-05-31 16:55:26,1,,#686868,
901,183,#C500FF,Amethyst,,2021-05-31 16:55:26,,2021-05-31 16:55:26,2021-05-31 16:55:26,1,,#686868,
902,183,#FF00C5,Ginger Pink,,2021-05-31 16:55:26,,2021-05-31 16:55:26,2021-05-31 16:55:26,1,,#686868,
903,183,#98E600,Macaw Green,,2021-05-31 16:55:26,,2021-05-31 16:55:26,2021-05-31 16:55:26,1,,#686868,
3,1,"7",Omineca,,2020-10-22 14:22:54,,2020-10-22 14:22:54,2020-10-22 14:22:54,1,,Region,
171,1,"9",Peace,,2020-10-27 00:00:00,,2020-10-28 16:49:29,2020-10-28 16:49:29,1,,Region,
64,1,"3",Thompson,,2020-10-27 00:00:00,,2020-10-28 09:40:05,2020-10-28 09:40:05,1,,Region,
65,1,"6",Skeena,,2020-10-27 00:00:00,,2020-10-28 09:40:05,2020-10-28 09:40:05,1,,Region,
451,1,"8",Okanagan,,2021-03-02 00:00:00,,2021-03-02 10:20:08,2021-03-02 10:20:08,1,,Region,
452,1,"2",Lower Mainland,,2021-03-02 00:00:00,,2021-03-02 10:20:08,2021-03-02 10:20:08,1,,Region,
750,180,DR,Dropped,,2021-04-23 17:08:14,2021-08-25 11:06:57,2021-04-23 17:08:14,2021-04-23 17:08:14,,,,
447,180,G,GPS,,2021-03-02 00:00:00,2021-08-25 11:06:57,2021-03-02 09:57:10,2021-03-02 09:57:10,1,,GPS of device only has  malfunctioned,
945,180,VHF,VHF,,2021-08-25 11:13:48,,2021-08-25 11:13:48,2021-08-25 11:13:48,,,VHF signal of device has malfunctioned.,
946,180,GPS,GPS,,2021-08-25 11:13:48,,2021-08-25 11:13:48,2021-08-25 11:13:48,,,GPS transmission of device has malfunctioned.,
947,180,GPS_VHF,GPS & VHF,,2021-08-25 11:13:48,,2021-08-25 11:13:48,2021-08-25 11:13:48,,,Both GPS transmission and VHF signal have malfunctioned.,
948,180,BATTERY,Battery,,2021-08-25 11:13:48,,2021-08-25 11:13:48,2021-08-25 11:13:48,,,"Battery failure prior to natural end-of-life (i.e., premature battery failure).",
949,180,DROP_OFF,Drop-off,,2021-08-25 11:13:48,,2021-08-25 11:13:48,2021-08-25 11:13:48,,,Drop-off module has malfunctioned.,
950,180,OTHER,Other,,2021-08-25 11:13:48,,2021-08-25 11:13:48,2021-08-25 11:13:48,,,Device hardware has malfunctioned for reasons described in 'malfunction note' ,
951,180,UNKNOWN,UN,,2021-08-25 11:13:48,,2021-08-25 11:13:48,2021-08-25 11:13:48,,,Unknown,
952,145,ARGOS,Argos,,2021-08-25 11:24:03,,2021-08-25 11:24:03,2021-08-25 11:24:03,,,,
435,178,NOT_DEPLOYED,Not Deployed,,2021-03-02 00:00:00,,2021-03-02 09:30:46,2021-03-02 09:30:46,1,,Device is not deployed on an animal.  ,
436,178,UNKNOWN,Unknown,,2021-03-02 00:00:00,,2021-03-02 09:30:46,2021-03-02 09:30:46,1,,"Status of device is unknown (i.e., device is no longer being monitored)",
512,182,KHZ,KHz,,2021-03-02 00:00:00,,2021-03-02 17:17:46,2021-03-02 17:17:46,1,,Kilohertz,
513,182,MHZ,MHz,,2021-03-02 00:00:00,,2021-03-02 17:17:46,2021-03-02 17:17:46,1,,Megahertz,
514,182,HZ,Hz,,2021-03-02 00:00:00,,2021-03-02 17:17:46,2021-03-02 17:17:46,1,,Hertz,
953,195,MOTHER,mother,,2021-08-25 11:34:32,,2021-08-25 11:34:32,2021-08-25 11:34:32,,,mother,
954,195,FATHER,father,,2021-08-25 11:34:32,,2021-08-25 11:34:32,2021-08-25 11:34:32,,,father,
956,147,GPS_GSM,GPS/GSM,,2021-08-25 11:40:31,,2021-08-25 11:40:31,2021-08-25 11:40:31,,,GPS/GSM tracking devices use GSM cell phone signal to download data,
957,147,GPS,GPS,,2021-08-25 11:40:31,,2021-08-25 11:40:31,2021-08-25 11:40:31,,,Store-on-board GPS devices can store data and then downloaded remotely using a handheld UHF ultra high frequency device,
1082,198,DEFINITE,Definite,,2021-09-13 11:48:02,,2021-09-13 11:48:02,2021-09-13 11:48:02,,,Confidence is 'definite' for the assignment of Proximate Cause of Death of an animal.,
1083,198,PROBABLE,Probable,,2021-09-13 11:48:37,,2021-09-13 11:48:37,2021-09-13 11:48:37,,,"Confidence is 'probable' for the assignment of Proximate Cause of Death of an animal. 
",
1084,199,Definite,Definite,,2021-09-13 11:53:44,2021-09-13 12:06:03,2021-09-13 11:53:44,2021-09-13 11:53:44,,,"Confidence is 'definite' for the assignment of Proximate Cause of Death of an animal. 
",
1085,199,Probable,Probable,,2021-09-13 11:53:44,2021-09-13 12:06:03,2021-09-13 11:53:44,2021-09-13 11:53:44,,,"Confidence is 'probable' for the assignment of Proximate Cause of Death of an animal. 
",
982,187,NO_INVE,no investigation,,2021-08-25 12:10:57,,2021-08-25 12:10:57,2021-08-25 12:10:57,,,Mortality investigation of animal was not evaluated.,
373,3,ALIVE,Alive,,2020-10-27 00:00:00,,2020-11-10 10:29:17,2020-11-10 10:29:17,1,,Animal is alive,
374,3,MORT,Mortality,,2020-10-27 00:00:00,,2020-11-10 10:29:17,2020-11-10 10:29:17,1,,Animal is a mortality,
375,3,POT_MORT,Potential Mortality,,2020-10-27 00:00:00,,2020-11-10 10:29:17,2020-11-10 10:29:17,1,,Animal mortality suspected but not yet  confirmed,
376,3,UNKNOWN,Unknown,,2020-10-27 00:00:00,,2020-11-10 10:29:17,2020-11-10 10:29:17,1,,Status of animal is unknown due to device malfunction or potential emigration,
967,191,NO_TRANS,no transmission,,2021-08-25 12:02:31,,2021-08-25 12:02:31,2021-08-25 12:02:31,,,Device is no longer transmitting signals without known cause,
968,191,INCON_TRANS,inconsistent transmission,,2021-08-25 12:02:31,,2021-08-25 12:02:31,2021-08-25 12:02:31,,,Device is transmitting signals inconsistently without known cause,
907,183,#A900E6,Anemone Violet,,2021-05-31 16:55:26,,2021-05-31 16:55:26,2021-05-31 16:55:26,1,,#686868,
908,183,#E600A9,Peony Pink,,2021-05-31 16:55:26,,2021-05-31 16:55:26,2021-05-31 16:55:26,1,,#686868,
909,183,#A83800,Cherry Cola,,2021-05-31 16:55:26,,2021-05-31 16:55:26,2021-05-31 16:55:26,1,,#b2b2b2,
910,183,#A87000,Raw Umber,,2021-05-31 16:55:26,,2021-05-31 16:55:26,2021-05-31 16:55:26,1,,#b2b2b2,
911,183,#A8A800,Olivenite Green,,2021-05-31 16:55:26,,2021-05-31 16:55:26,2021-05-31 16:55:26,1,,#b2b2b2,
912,183,#70A800,Tarragon Green,,2021-05-31 16:55:26,,2021-05-31 16:55:26,2021-05-31 16:55:26,1,,#b2b2b2,
913,183,#38A800,Leaf Green,,2021-05-31 16:55:26,,2021-05-31 16:55:26,2021-05-31 16:55:26,1,,#b2b2b2,
914,183,#00A884,Malachite Green,,2021-05-31 16:55:26,,2021-05-31 16:55:26,2021-05-31 16:55:26,1,,#b2b2b2,
915,183,#0084A8,Delft Blue,,2021-05-31 16:55:26,,2021-05-31 16:55:26,2021-05-31 16:55:26,1,,#b2b2b2,
916,183,#004DA8,Ultra Blue,,2021-05-31 16:55:26,,2021-05-31 16:55:26,2021-05-31 16:55:26,1,,#b2b2b2,
917,183,#8400A8,Dark Amethyst,,2021-05-31 16:55:26,,2021-05-31 16:55:26,2021-05-31 16:55:26,1,,#b2b2b2,
918,183,#A80084,Cattleya Orchid,,2021-05-31 16:55:26,,2021-05-31 16:55:26,2021-05-31 16:55:26,1,,#b2b2b2,
919,183,#732600,Cherrywood Brown,,2021-05-31 16:55:26,,2021-05-31 16:55:26,2021-05-31 16:55:26,1,,#b2b2b2,
920,183,#734C00,Burnt Umber,,2021-05-31 16:55:26,,2021-05-31 16:55:26,2021-05-31 16:55:26,1,,#b2b2b2,
921,183,#737300,Dark Olivenite,,2021-05-31 16:55:26,,2021-05-31 16:55:26,2021-05-31 16:55:26,1,,#b2b2b2,
922,183,#4C7300,Spruce Green,,2021-05-31 16:55:26,,2021-05-31 16:55:26,2021-05-31 16:55:26,1,,#b2b2b2,
969,191,EOL,end of life,,2021-08-25 12:02:31,,2021-08-25 12:02:31,2021-08-25 12:02:31,,,Device has reached natural end of life (i.e. battery depleted) and is no longer transmitting.,
970,190,REFURB,refurbish,,2021-08-25 12:03:33,,2021-08-25 12:03:33,2021-08-25 12:03:33,,,Condition of the device upon retrieval requires refurbishing by vendor prior to redeployment,
971,190,REDEPLOY,redeployable,,2021-08-25 12:03:33,,2021-08-25 12:03:33,2021-08-25 12:03:33,,,Condition of the device upon retrieval supports redeployment without requiring refurbishing by vendor. ,
440,179,SUBADULT,Subadult,,2021-03-02 00:00:00,,2021-03-02 09:52:05,2021-03-02 09:52:05,1,,"Animal that is older than the juvenile stage, does not require parental care, and has not reached sexual maturity.",
441,179,JUVE,Juvenile,,2021-03-02 00:00:00,,2021-03-02 09:52:05,2021-03-02 09:52:05,1,,Mammals older than neonates but still requiring parental care.,
442,179,"2_YEAR",Two Years,,2021-03-02 00:00:00,,2021-03-02 09:52:05,2021-03-02 09:52:05,1,,"Animal is two years, or almost two years old. Animal has lived through two winter seasons.",
443,179,"1_YEAR",One Year,,2021-03-02 00:00:00,,2021-03-02 09:52:05,2021-03-02 09:52:05,1,,"Animal is one year, or almost one year old. Animal has lived through one winter season.",
445,179,NEONATE,Neonate,,2021-03-02 00:00:00,,2021-03-02 09:52:05,2021-03-02 09:52:05,1,,Newborn mammals,
454,181,MALE,Male,,2021-03-02 00:00:00,,2021-03-02 10:45:54,2021-03-02 10:45:54,1,,,
455,181,FEMALE,Female,,2021-03-02 00:00:00,,2021-03-02 10:45:54,2021-03-02 10:45:54,1,,,
456,181,UNCLASS,Unclassified,,2021-03-02 00:00:00,,2021-03-02 10:45:54,2021-03-02 10:45:54,1,,,
972,190,IRREPARABLE,irreparable,,2021-08-25 12:03:33,,2021-08-25 12:03:33,2021-08-25 12:03:33,,,Condition of the device upon retrieval is irreparable.,
973,190,UNKNOWN,unknown,,2021-08-25 12:03:33,,2021-08-25 12:03:33,2021-08-25 12:03:33,,,Condition of the device upon retrieval is unknown.,
974,189,RADIO,radio,,2021-08-25 12:06:02,,2021-08-25 12:06:02,2021-08-25 12:06:02,,,Device can be released from the animal using radio release mechanism.,
975,189,TIMER,timer,,2021-08-25 12:06:02,,2021-08-25 12:06:02,2021-08-25 12:06:02,,,Device can be released from the animal using timer mechanism.,
976,188,SEC,second,,2021-08-25 12:07:36,,2021-08-25 12:07:36,2021-08-25 12:07:36,,,unit of time for fix_interval is seconds.,
977,188,MIN,minute,,2021-08-25 12:07:36,,2021-08-25 12:07:36,2021-08-25 12:07:36,,,unit of time for fix_interval is minutes,
978,188,HR,hour,,2021-08-25 12:07:36,,2021-08-25 12:07:36,2021-08-25 12:07:36,,,unit of time for fix_interval is hours.,
979,188,DAY,day,,2021-08-25 12:07:51,,2021-08-25 12:07:51,2021-08-25 12:07:51,,,unit of time for fix_interval is days.,
980,187,DESK,desk,,2021-08-25 12:10:57,,2021-08-25 12:10:57,2021-08-25 12:10:57,,,"Mortality investigation of animal undertaken as a desk exercise (e.g., assessment of location data and movement patterns).",
981,187,FIELD,field,,2021-08-25 12:10:57,,2021-08-25 12:10:57,2021-08-25 12:10:57,,,Mortality investigation of animal undertaken as a field site visit.,
1086,3,IN_TRANSLOC,In Translocation,,2021-10-01 12:40:38,,2021-10-01 12:40:38,2021-10-01 12:40:38,1,,Indicates an animal was captured but has not been release and is being translocated,
984,186,PRED_LOC,predation_location,,2021-08-25 12:19:38,,2021-08-25 12:19:38,2021-08-25 12:19:38,,,"Animal death caused by predation at a known location (i.e., mortality or kill site).",
985,186,PRED_NOLOC,predation_no_location,,2021-08-25 12:19:38,,2021-08-25 12:19:38,2021-08-25 12:19:38,,,Animal death caused by predation without a known location (includes failed predation attempts). ,
986,186,PRED_PROB,predation_probable,,2021-08-25 12:19:38,,2021-08-25 12:19:38,2021-08-25 12:19:38,,,Animal death supected to be caused by predation.,
987,186,HUNT_LIC,hunting_licenced,,2021-08-25 12:19:38,,2021-08-25 12:19:38,2021-08-25 12:19:38,,,Animal death caused by licensed hunting.,
988,186,HUNT_UNLIC,hunting_unlicenced,,2021-08-25 12:19:38,,2021-08-25 12:19:38,2021-08-25 12:19:38,,,Animal death caused by unlicensed hunting.,
989,186,HUNT_ABOR,hunting_aboriginal,,2021-08-25 12:19:38,,2021-08-25 12:19:38,2021-08-25 12:19:38,,,Animal death caused by aboriginal hunting.,
990,186,DEFENSE,defense_life_property,,2021-08-25 12:19:57,,2021-08-25 12:19:57,2021-08-25 12:19:57,,,"Animal death caused by defense of life and property (i.e., not illegal or hunting).",
991,186,ACC_COL,accident_collision,,2021-08-25 12:19:57,,2021-08-25 12:19:57,2021-08-25 12:19:57,,,"Animal death caused by vehicular collision (e.g., vehicle, train, etc).",
992,186,ACC_NAT,accident_natural,,2021-08-25 12:19:57,,2021-08-25 12:19:57,2021-08-25 12:19:57,,,"Animal death caused by natural accident (e.g., drowning, mired in mud, etc).",
993,186,ACC_CAP,accident_capture,,2021-08-25 12:19:57,,2021-08-25 12:19:57,2021-08-25 12:19:57,,,Animal death caused by capture-related injury.,
994,186,ACC_AVA,accident_avalanche,,2021-08-25 12:19:57,,2021-08-25 12:19:57,2021-08-25 12:19:57,,,Animal death caused by avalanche.,
995,186,HEALTH,health_related,,2021-08-25 12:19:57,,2021-08-25 12:19:57,2021-08-25 12:19:57,,,"Animal death is caused by underlying health-related condition such as nutrition, infection, parturition, pathogen, genetic disease or disorder,  as identified through carcass field necropsy and/or subsequent pathology.",
996,186,UNK,unknown,,2021-08-25 12:19:57,,2021-08-25 12:19:57,2021-08-25 12:19:57,,,"Unknown cause of animal death (i.e, no clear cause of death identified often due to lack of evidence at mortality site).",
997,186,OTH,other,,2021-08-25 12:19:57,,2021-08-25 12:19:57,2021-08-25 12:19:57,,,Non-predation and non-health-related mortality (excludes failed predation atttempts).,
998,186,NAT,natural,,2021-08-25 12:19:57,,2021-08-25 12:19:57,2021-08-25 12:19:57,,,"Animal death caused by natural events (e.g., old age).",
999,186,REMOVAL,removal,,2021-08-25 12:19:57,,2021-08-25 12:19:57,2021-08-25 12:19:57,,,Animal death caused by culling or removal for provincially-led species management programs.,
1000,186,TRAP,trapping,,2021-08-25 12:19:57,,2021-08-25 12:19:57,2021-08-25 12:19:57,,,Animal death caused by trapping.,
1001,186,POISON,poisoning,,2021-08-25 12:19:57,,2021-08-25 12:19:57,2021-08-25 12:19:57,,,"Animal death caused by poison, independent of provincially-led species management programs.",
429,144,MORT,Mortality,,2020-10-29 00:00:00,,2021-03-02 09:27:12,2021-03-02 09:27:12,1,,,
430,144,OFFLINE,Offline,,2020-10-29 00:00:00,,2021-03-02 09:27:12,2021-03-02 09:27:12,1,,,
427,144,ACTIVE,Active,,2020-10-29 00:00:00,,2021-03-02 09:27:12,2021-03-02 09:27:12,1,,,
428,144,MALF,Malfunction,,2020-10-29 00:00:00,,2021-03-02 09:27:12,2021-03-02 09:27:12,1,,,
433,144,UNKNOWN,Unknown,,2020-10-29 00:00:00,,2021-03-02 09:27:12,2021-03-02 09:27:12,1,,,
1002,144,POT_MALF,Potential Malfunction,,2021-08-25 12:23:14,,2021-08-25 12:23:14,2021-08-25 12:23:14,,,Device malfunction suspected but not yet confirmed.,
1003,144,POT_MORT,Potential Mortality,,2021-08-25 12:23:14,,2021-08-25 12:23:14,2021-08-25 12:23:14,,,"Device mortality notification received, but mortality not yet confirmed.",
1004,144,DROP_OFF,Drop Off,,2021-08-25 12:23:14,,2021-08-25 12:23:14,2021-08-25 12:23:14,,,"Device is an intentional frop-off, is no longer on the animal, but may be transmitting signals (I.E., (e.g. remote dropoff, timed dropoff, rot-off) ",
1005,144,OTHER,Other,,2021-08-25 12:23:14,,2021-08-25 12:23:14,2021-08-25 12:23:14,,,"Device is no longer on the animal due to a non-intentional event (e.g. animal has slipped collar), and may be transmitting signals. Provide details in device notes.",
1006,192,PRED_LOC,predation_location,,2021-08-25 12:26:12,,2021-08-25 12:26:12,2021-08-25 12:26:12,,,"Animal death caused by predation at a known location (i.e., mortality or kill site).",
1007,192,PRED_NOLOC,predation_no_location,,2021-08-25 12:26:12,,2021-08-25 12:26:12,2021-08-25 12:26:12,,,Animal death caused by predation without a known location (includes failed predation attempts). ,
1008,192,PRED_PROB,predation_probable,,2021-08-25 12:26:12,,2021-08-25 12:26:12,2021-08-25 12:26:12,,,Animal death supected to be caused by predation.,
1009,192,HUNT_LIC,hunting_licenced,,2021-08-25 12:26:12,,2021-08-25 12:26:12,2021-08-25 12:26:12,,,Animal death caused by licensed hunting.,
1010,192,HUNT_UNLIC,hunting_unlicenced,,2021-08-25 12:26:12,,2021-08-25 12:26:12,2021-08-25 12:26:12,,,Animal death caused by unlicensed hunting.,
1011,192,HUNT_ABOR,hunting_aboriginal,,2021-08-25 12:26:12,,2021-08-25 12:26:12,2021-08-25 12:26:12,,,Animal death caused by aboriginal hunting.,
1012,192,DEFENSE,defense_life_property,,2021-08-25 12:26:12,,2021-08-25 12:26:12,2021-08-25 12:26:12,,,"Animal death caused by defense of life and property (i.e., not illegal or hunting).",
1013,192,ACC_COL,accident_collision,,2021-08-25 12:26:12,,2021-08-25 12:26:12,2021-08-25 12:26:12,,,"Animal death caused by vehicular collision (e.g., vehicle, train, etc).",
1014,192,ACC_NAT,accident_natural,,2021-08-25 12:26:12,,2021-08-25 12:26:12,2021-08-25 12:26:12,,,"Animal death caused by natural accident (e.g., drowning, mired in mud, etc).",
1015,192,ACC_CAP,accident_capture,,2021-08-25 12:26:12,,2021-08-25 12:26:12,2021-08-25 12:26:12,,,Animal death caused by capture-related injury.,
1016,192,ACC_AVA,accident_avalanche,,2021-08-25 12:26:12,,2021-08-25 12:26:12,2021-08-25 12:26:12,,,Animal death caused by avalanche.,
1017,192,HLTH_INFECT,health_infection,,2021-08-25 12:26:12,,2021-08-25 12:26:12,2021-08-25 12:26:12,,,"Animal death caused by infection (e.g., wound, non-infectious disease).",
1018,192,HLTH_NUTRI,health_nutrition,,2021-08-25 12:26:12,,2021-08-25 12:26:12,2021-08-25 12:26:12,,,"Animal death caused by nutrition (e.g., starvation, parasitism, mineral deficiency, poor body condition)",
1019,192,HLTH_DISEA,health_disease,,2021-08-25 12:26:12,,2021-08-25 12:26:12,2021-08-25 12:26:12,,,"Animal death caused by pathogen (i.e., infectious disease).",
1020,192,HLTH_GENET,health_genetic,,2021-08-25 12:26:12,,2021-08-25 12:26:12,2021-08-25 12:26:12,,,Animal death caused by genetic disease or disorder.,
1021,192,HLTH_PARTU,health_parturition,,2021-08-25 12:26:12,,2021-08-25 12:26:12,2021-08-25 12:26:12,,,"Animal death caused by parturition, the process of giving birth.",
1022,192,HLTH_STBI,health_stillbirth,,2021-08-25 12:26:12,,2021-08-25 12:26:12,2021-08-25 12:26:12,,,"Animal death is stillbirth, a mortality shortly before, during, or shortly after parturition.",
1023,192,HLTH_UNK,health_unknown,,2021-08-25 12:26:12,,2021-08-25 12:26:12,2021-08-25 12:26:12,,,"Animal death is health-related, but cause is unknown.",
1026,192,TRAP,trapping,,2021-08-25 12:32:25,,2021-08-25 12:32:25,2021-08-25 12:32:25,,,Animal death caused by trapping.,
510,139,CAR-27,Westside Fort Nelson,,2021-03-02 00:00:00,2021-08-26 09:01:26,2021-03-02 16:34:49,2021-03-02 16:34:49,1,,,
511,139,CAR-36,Wolverine,,2021-03-02 00:00:00,2021-08-26 09:01:26,2021-03-02 16:34:49,2021-03-02 16:34:49,1,,,
1031,139,Mona,Monashee,,2021-08-26 09:02:11,,2021-08-26 09:02:11,2021-08-26 09:02:11,,,,"{""popunit_id"": 5}"
1032,139,CeRo,Central Rockies,,2021-08-26 09:02:11,,2021-08-26 09:02:11,2021-08-26 09:02:11,,,,"{""popunit_id"": 6}"
1027,139,SoSe,South Selkirks,,2021-08-26 09:02:11,,2021-08-26 09:02:11,2021-08-26 09:02:11,,,,"{""popunit_id"": 1}"
1028,139,PuSo,Purcells South,,2021-08-26 09:02:11,,2021-08-26 09:02:11,2021-08-26 09:02:11,,,,"{""popunit_id"": 2}"
1029,139,PuCe,Purcell Central,,2021-08-26 09:02:11,,2021-08-26 09:02:11,2021-08-26 09:02:11,,,,"{""popunit_id"": 3}"
1030,139,CeSe,Central Selkirks,,2021-08-26 09:02:11,,2021-08-26 09:02:11,2021-08-26 09:02:11,,,,"{""popunit_id"": 4}"
1033,139,CoSo,Columbia South,,2021-08-26 09:02:11,,2021-08-26 09:02:11,2021-08-26 09:02:11,,,,"{""popunit_id"": 7}"
1034,139,FrBo,Frisby-Boulder,,2021-08-26 09:02:11,,2021-08-26 09:02:11,2021-08-26 09:02:11,,,,"{""popunit_id"": 8}"
1035,139,CoNo,Columbia North,,2021-08-26 09:02:11,,2021-08-26 09:02:11,2021-08-26 09:02:11,,,,"{""popunit_id"": 9}"
1036,139,Grou,Groundhog,,2021-08-26 09:02:11,,2021-08-26 09:02:11,2021-08-26 09:02:11,,,,"{""popunit_id"": 10}"
1037,139,WeGN,Wells Gray North,,2021-08-26 09:02:11,,2021-08-26 09:02:11,2021-08-26 09:02:11,,,,"{""popunit_id"": 11}"
1024,196,NO,No,,2021-08-25 12:31:43,2021-08-26 12:49:33,2021-08-25 12:31:43,2021-08-25 12:31:43,,,This is the first time the animal has been captured.,
1025,196,YES,Yes,,2021-08-25 12:31:43,2021-08-26 12:49:33,2021-08-25 12:31:43,2021-08-25 12:31:43,,,This animal is a recapture (i.e. has been captured and marked previously),
